"id","userId","status","createdAt","updatedAt"
"cmognn7j20007l1049hmgq8y9","cmn2ut49c000jjy04w4uedgc1","APPROVED","2026-04-27 03:45:59.006","2026-04-27 03:47:05.358"
"cmogygutk0001js04788cjwdw","cmoglrsdk0003jp045dbe5d9l","REJECTED","2026-04-27 08:48:58.376","2026-04-27 08:54:23.23"
"cmogyvqj9002djm0434yq3eet","cmoglrsdk0003jp045dbe5d9l","REJECTED","2026-04-27 09:00:32.661","2026-04-27 09:01:10.85"
"cmogycev80001l104sz48kud0","cmn2ut48v000bjy04dn3fav4n","APPROVED","2026-04-27 08:45:31.076","2026-04-27 09:12:49.887"
"cmogyaoxk0001ib04qo85z3gm","cmn2ut48v000bjy04dn3fav4n","REJECTED","2026-04-27 08:44:10.809","2026-04-27 09:13:16.113"
"cmogyjyi5001pl504h3clv7gp","cmn2ut48r0009jy04hylrc57r","APPROVED","2026-04-27 08:51:23.118","2026-04-27 09:13:34.449"
"cmogyckko000pl104ceogk9af","cmnptxdfx0003ih04aeoz98ii","APPROVED","2026-04-27 08:45:38.472","2026-04-27 09:14:24.858"
"cmogyfaap0006jx04xb1b3s44","cmnptx8wa0001ih049zvdbkfp","APPROVED","2026-04-27 08:47:45.121","2026-04-27 09:15:26.973"
"cmogz1to7002vl104ahn5bxid","cmoglrsdk0003jp045dbe5d9l","APPROVED","2026-04-27 09:05:16.664","2026-04-27 09:16:38.294"
"cmogyi1xb0001l504k72jtvy0","cmn2ut490000djy043kfw99u4","REJECTED","2026-04-27 08:49:54.239","2026-04-27 09:18:26.004"
"cmogyljqa0001l504jd4vcedp","cmn2ut49w000vjy0426qvfk1j","APPROVED","2026-04-27 08:52:37.283","2026-04-27 09:19:24.485"
"cmogyijtx001dl5043o9w2qs7","cmn2ut49t000tjy04sn5nl6nl","APPROVED","2026-04-27 08:50:17.445","2026-04-27 09:19:59.976"
"cmogyhcuv001fl104ebfbfmkv","cmn2ut48g0005jy040hwfi0jk","APPROVED","2026-04-27 08:49:21.751","2026-04-27 09:20:48.624"
"cmogygd9d0001jm04u39tnbbo","cmn2ut48j0007jy040a1gsnei","APPROVED","2026-04-27 08:48:35.617","2026-04-27 09:21:41.575"
"cmogyjean001djm04ydfaq80t","cmn2ut49j000njy041wql3gda","REJECTED","2026-04-27 08:50:56.928","2026-04-27 09:22:18.739"
"cmogypmwn001tjm042hdvuwve","cmn2ut49j000njy041wql3gda","REJECTED","2026-04-27 08:55:48.024","2026-04-27 09:22:46.01"
"cmogzklam0009l204kujtnypf","cmn2ut490000djy043kfw99u4","REJECTED","2026-04-27 09:19:52.27","2026-04-27 09:23:40.912"
"cmogyjd23001sjx04m4oyacs1","cmn2ut49q000rjy04a4s6lixm","APPROVED","2026-04-27 08:50:55.323","2026-04-27 09:24:20.674"
"cmogzsn4v0001jl04kzff5uor","cmn2ut490000djy043kfw99u4","REJECTED","2026-04-27 09:26:07.903","2026-04-27 09:27:28.049"
"cmogyj8od000yjx045un3o9yh","cmn2ut49f000ljy04iv28asey","APPROVED","2026-04-27 08:50:49.646","2026-04-27 09:27:36.66"
"cmogzv3xx0001jm0481fh5sj5","cmn2ut490000djy043kfw99u4","APPROVED","2026-04-27 09:28:02.998","2026-04-27 09:28:46.442"
"cmogzz4210009jp04nsmrncpc","cmn2ut49j000njy041wql3gda","APPROVED","2026-04-27 09:31:09.769","2026-04-27 09:32:13.602"
"cmoh02ar4000pjp04pkpn63iz","cmoglrsdk0003jp045dbe5d9l","REJECTED","2026-04-27 09:33:38.417","2026-04-28 03:01:08.925"
"cmoh0jkb10001l2046qvpzypj","cmoglrsdk0003jp045dbe5d9l","REJECTED","2026-04-27 09:47:03.949","2026-04-28 03:01:12.804"
"cmoi1zm1v000ail04wwcotpnw","cmoglrsdk0003jp045dbe5d9l","APPROVED","2026-04-28 03:15:18.5","2026-04-28 03:46:38.67"
"cmojklvtr0003jr04sw7znqt2","cmmu0cnp40006zfy02oc00oz1","APPROVED","2026-04-29 04:44:16.863","2026-04-29 05:30:24.999"
"cmoqqfdaq0001l704zm138q7z","cmn2ut4aa0013jy04kr1572fk","REJECTED","2026-05-04 05:01:33.842","2026-05-04 06:26:32.072"
"cmorwt10w0001l204gpwblrja","cmn2ut48j0007jy040a1gsnei","SUBMITTED","2026-05-05 00:47:54.992","2026-05-05 00:47:54.992"
"cmotitdhe0001l504uw2tk0p3","cmn2ut4aa0013jy04kr1572fk","APPROVED","2026-05-06 03:51:48.867","2026-05-06 07:19:05.495"
"cmotk6a7z0003l104o6k2gejm","cmmvjyntc0001l704r738ouwy","APPROVED","2026-05-06 04:29:50.783","2026-05-06 07:19:20.471"
"cmov3w84i0001jp04e7h6l8ex","cmmu0cnp40006zfy02oc00oz1","APPROVED","2026-05-07 06:29:40.003","2026-05-11 01:51:01.241"
"cmp2fval50001if0495w9gcmn","cmmu0cnp40006zfy02oc00oz1","APPROVED","2026-05-12 09:39:15.162","2026-05-12 09:39:57.205"
"cmp2g0czd0001ju04qqxqxd02","cmmu0cnp40006zfy02oc00oz1","APPROVED","2026-05-12 09:43:11.545","2026-05-12 09:43:40.379"
